USN,Internal 1,Internal 2,Internal 3,Lab Marks,Assignment,Seminar(Discipline),Seminar(Report),Seminar(Presentation),Overall Feedback
4CB21CB001,14,15,16,8,9,3,4,10,Needs improvement in assignments and presentations.
4CB21CB002,18,17,19,9,10,3,5,12,"Excellent in theory, focus on assignments."
4CB21CB003,13,14,15,7,8,2,4,9,Needs more focus on assignments and presentation skills.
4CB21CB004,10,11,12,6,7,2,4,9,Needs focus on assignments and presentation skills.
4CB21CB005,14,15,16,8,8,3,5,11,"Good in theory, work on assignments and presentations."
4CB21CB006,18,19,20,10,10,3,5,12,"Excellent in all aspects, continue balancing."
4CB21CB007,12,13,11,7,6,2,4,9,Needs improvement in assignments and presentations.
4CB21CB008,15,16,14,8,9,3,5,11,"Solid in theory, improve in presentations and assignments."
4CB21CB009,13,14,15,7,8,2,4,10,Needs to focus more on assignments and presentation skills.
4CB21CB010,17,18,16,9,10,3,5,12,"Strong in theory, needs more focus on assignments."
4CB21CB011,16,15,14,8,8,3,4,11,"Consistent in theory, needs improvement in presentations."
4CB21CB012,14,16,15,7,8,2,5,10,"Quiz work is good, focus on assignments and presentations."
4CB21CB013,19,18,20,9,10,3,5,12,Excellent in both theory and presentation. Keep consistency.
4CB21CB014,12,13,11,6,7,2,4,9,Needs improvement in both assignments and presentations.
4CB21CB015,20,20,20,10,10,3,5,12,"Excellent performance, maintain it."
4CB21CB016,15,17,14,8,9,3,5,11,"Good in theory, more work needed on assignments."
4CB21CB017,19,20,18,10,10,3,5,12,"Strong in both theory and presentation, continue."
4CB21CB018,14,15,13,7,8,2,5,10,Needs more focus on assignments and presentations.
4CB21CB019,16,18,15,8,9,3,5,11,"Strong in theory, more effort required in assignments."
4CB21CB020,17,16,18,9,10,3,5,12,Excellent in assignments and presentations.
4CB21CB021,15,14,16,8,9,3,4,11,"Good in theory, work more on assignments and presentations."
4CB21CB022,12,13,14,7,8,2,5,10,Needs improvement in theory and assignments.
4CB21CB023,14,16,15,8,9,3,5,11,Needs focus on assignments and presentations.
4CB21CB024,17,18,19,9,10,3,5,12,"Strong performance, continue to focus on presentations."
4CB21CB025,18,17,18,9,9,3,5,12,"Good in theory, improve in presentation skills."
4CB21CB026,16,18,15,8,9,3,4,11,"Consistent in theory, needs improvement in assignments."
4CB21CB027,13,14,15,7,7,2,4,9,Needs improvement in theory and assignments.
4CB21CB028,20,19,20,10,10,3,5,12,Excellent in both theory and presentation.
4CB21CB029,17,18,16,9,9,3,5,11,"Good in theory, improve presentation skills."
4CB21CB030,14,13,12,7,6,2,4,9,Needs improvement in theory and assignments.
4CB21CB031,14,15,16,8,9,3,4,10,"Strong in theoretical understanding, focus on assignments."
4CB21CB032,12,14,13,7,8,2,5,11,Needs to improve in presentations and assignments.
4CB21CB033,16,18,19,9,10,3,5,12,"Excellent in theory and presentation, maintain consistency."
4CB21CB034,10,11,12,6,7,2,4,9,Needs focus on assignments and presentation skills.
4CB21CB035,14,15,16,8,8,3,5,11,"Good in theory, work on assignments and presentations."
4CB21CB036,18,19,20,10,10,3,5,12,"Excellent in all aspects, continue balancing."
4CB21CB037,12,13,11,7,6,2,4,9,Needs improvement in assignments and presentations.
4CB21CB038,15,16,14,8,9,3,5,11,"Solid in theory, improve in presentations and assignments."
4CB21CB039,13,14,15,7,8,2,4,10,Needs to focus more on assignments and presentation skills.
4CB21CB040,17,18,16,9,10,3,5,12,"Strong in theory, needs more focus on assignments."
4CB21CB041,16,15,14,8,8,3,4,11,"Consistent in theory, needs improvement in presentations."
4CB21CB042,14,16,15,7,8,2,5,10,"Quiz work is good, focus on assignments and presentations."
4CB21CB043,19,18,20,9,10,3,5,12,Excellent in both theory and presentation. Keep consistency.
4CB21CB044,12,13,11,6,7,2,4,9,Needs improvement in both assignments and presentations.
4CB21CB045,20,20,20,10,10,3,5,12,"Excellent performance, maintain it."
4CB21CB046,15,17,14,8,9,3,5,11,"Good in theory, more work needed on assignments."
4CB21CB047,19,20,18,10,10,3,5,12,"Strong in both theory and presentation, continue."
4CB21CB048,14,15,13,7,8,2,5,10,Needs more focus on assignments and presentations.
4CB21CB049,16,18,15,8,9,3,5,11,"Strong in theory, more effort required in assignments."
4CB21CB050,17,16,18,9,10,3,5,12,Excellent in assignments and presentations.
4CB21CB051,16,15,17,9,10,3,5,12,"Good in theory, work more on assignments and presentations."
4CB21CB052,13,14,15,8,9,3,6,11,Needs improvement in theory and assignments.
4CB21CB053,15,17,16,9,10,4,6,12,Needs focus on assignments and presentations.
4CB21CB054,18,19,20,10,10,4,6,13,"Strong performance, continue to focus on presentations."
4CB21CB055,19,18,19,10,9,3,5,13,"Good in theory, improve in presentation skills."
4CB21CB056,17,18,16,9,9,3,4,12,"Consistent in theory, needs improvement in assignments."
4CB21CB057,14,15,16,8,8,2,5,10,Needs improvement in theory and assignments.
4CB21CB058,20,20,20,10,10,4,6,13,Excellent in both theory and presentation.
4CB21CB059,18,19,18,10,9,3,5,12,"Good in theory, improve presentation skills."
4CB21CB060,15,14,13,8,7,3,5,10,Needs improvement in theory and assignments.
4CB21CB061,16,17,15,9,9,3,5,12,"Solid performance, keep working on presentations."
4CB21CB062,18,19,20,10,10,3,5,13,"Strong performance, consistent focus on all areas."
4CB21CB063,14,15,16,8,9,3,5,10,Needs to focus more on assignments and presentation skills.
4CB21CB064,17,18,19,9,10,4,6,13,"Good in theory, improve in assignments and presentations."
4CB21CB065,15,14,13,8,7,2,4,9,Needs more focus on assignments and presentations.
4CB21CB066,20,20,20,10,10,4,6,13,"Excellent in all aspects, maintain consistency."
4CB21CB067,13,14,12,7,6,2,5,9,Needs improvement in both assignments and presentations.
4CB21CB068,17,18,18,9,9,3,5,12,"Solid performance, continue to focus on assignments."
4CB21CB069,15,16,17,9,10,3,4,12,Needs more focus on assignments and presentations.
4CB21CB070,16,15,16,9,10,3,5,12,Work more on assignments and presentation skills.
4CB21CB071,18,19,20,10,10,3,6,13,"Excellent in theory and assignments, keep consistency."
4CB21CB072,14,13,14,7,8,3,4,9,Needs improvement in both theory and presentations.
4CB21CB073,13,14,15,7,8,2,5,9,Needs improvement in assignments and presentation skills.
4CB21CB074,16,18,18,9,10,3,5,12,"Strong in assignments and theory, continue with presentation."
4CB21CB075,17,18,17,9,10,3,5,12,"Keep up the good work, focus more on assignments."
4CB21CB076,14,15,16,8,9,3,4,11,Needs to work on assignments and presentations.
4CB21CB077,13,12,13,6,7,2,4,9,Needs improvement in both assignments and theory.
4CB21CB078,15,17,18,9,10,3,5,12,"Good theoretical understanding, improve assignments."
4CB21CB079,17,18,16,9,9,3,5,12,"Strong in theory, more focus needed in assignments."
4CB21CB080,15,13,14,8,7,3,5,10,Needs to focus more on assignments and presentations.
4CB21CB081,19,20,20,10,10,4,6,13,"Excellent in theory, work on assignment presentation."
4CB21CB082,16,17,18,9,9,3,5,12,"Good in theory, needs focus on assignments."
4CB21CB083,14,15,16,8,9,2,5,10,Needs improvement in assignments and presentations.
4CB21CB084,18,19,20,10,10,4,6,13,Strong in assignments and theory. Keep consistency.
4CB21CB085,15,14,16,8,9,3,5,11,Needs more focus on assignments and presentations.
4CB21CB086,12,13,14,7,8,2,4,9,Needs more focus on assignments.
4CB21CB087,17,18,19,10,9,3,5,12,"Solid performance, focus on presentation skills."
4CB21CB088,20,19,20,10,10,4,6,13,"Excellent in theory, consistent in all aspects."
4CB21CB089,15,16,17,9,10,3,5,12,"Good in theory, improve presentation and assignments."
4CB21CB090,16,17,18,9,9,3,5,12,"Strong in theory, focus on assignments and presentations."
4CB21CB091,13,14,15,8,9,2,5,9,Needs to improve in assignments and presentations.
4CB21CB092,16,17,15,9,10,3,5,12,"Good in assignments, more focus needed on theory."
4CB21CB093,19,18,20,10,10,4,6,13,"Excellent in assignments and theory, keep consistency."
4CB21CB094,14,14,12,7,8,3,4,9,Needs improvement in assignments and presentations.
4CB21CB095,17,19,20,10,10,4,6,13,Strong in theory and assignments.
4CB21CB096,13,14,12,7,8,2,4,9,Needs improvement in theory and presentation.
4CB21CB097,15,17,16,8,9,3,5,12,"Good in assignments, work more on presentations."
4CB21CB098,19,20,20,10,10,4,6,13,"Excellent in assignments, keep focusing on theory."
4CB21CB099,16,17,18,9,9,3,5,12,"Focus on assignments, strong in theory."
4CB21CB100,16,15,13,8,9,3,4,11,"Good in theory, more effort needed in assignments."
4CB21CB101,17,18,16,9,9,3,5,12,Good in theory and assignments. Keep up the good work.
4CB21CB102,14,13,14,7,8,2,4,9,Needs improvement in theory and assignments.
4CB21CB103,19,20,20,10,10,4,6,13,"Excellent performance, keep consistency in all aspects."
4CB21CB104,15,16,17,8,9,3,5,12,"Solid in theory, more work needed on assignments."
4CB21CB105,17,19,18,9,10,3,5,12,"Good in theory, work more on presentation skills."
4CB21CB106,13,14,12,7,8,2,4,9,Needs improvement in assignments and theory.
4CB21CB107,20,20,20,10,10,4,6,13,Excellent performance in all areas.
4CB21CB108,16,17,15,8,9,3,5,12,"Strong in theory, improve in assignments."
4CB21CB109,14,15,16,7,8,3,5,9,Needs to improve in theory and presentations.
4CB21CB110,18,19,20,9,10,3,5,12,Strong in both theory and assignments. Keep consistency.
4CB21CB111,15,16,17,8,9,3,5,11,"Good in theory, improve presentation skills."
4CB21CB112,16,18,19,9,10,3,5,12,"Consistent in theory and assignments, keep working on presentations."
4CB21CB113,14,13,12,7,8,2,4,9,Needs focus on assignments and presentations.
4CB21CB114,19,20,20,10,10,4,6,13,Excellent performance in all aspects.
4CB21CB115,16,15,14,8,9,3,5,11,"Good in theory, needs more focus on assignments."
4CB21CB116,18,17,18,9,9,3,5,12,"Strong in theory and assignments, keep consistency."
4CB21CB117,15,16,17,9,9,3,5,11,Needs more focus on assignments and presentations.
4CB21CB118,19,20,20,10,10,4,6,13,"Excellent in assignments and theory, consistent performance."
4CB21CB119,17,18,16,9,9,3,5,12,"Strong in theory, needs focus on assignments."
4CB21CB120,13,14,12,7,6,2,4,8,Needs significant improvement in assignments and presentations.
4CB21CB121,14,15,16,8,9,3,4,10,Needs improvement in assignments and presentations.
4CB21CB122,18,17,19,9,10,3,5,12,"Excellent in theory, focus on assignments."
4CB21CB123,13,14,15,7,8,2,4,9,Needs more focus on assignments and presentation skills.
4CB21CB124,10,11,12,6,7,2,4,9,Needs focus on assignments and presentation skills.
4CB21CB125,14,15,16,8,8,3,5,11,"Good in theory, work on assignments and presentations."
4CB21CB126,18,19,20,10,10,3,5,12,"Excellent in all aspects, continue balancing."
4CB21CB127,12,13,11,7,6,2,4,9,Needs improvement in assignments and presentations.
4CB21CB128,15,16,14,8,9,3,5,11,"Solid in theory, improve in presentations and assignments."
4CB21CB129,13,14,15,7,8,2,4,10,Needs to focus more on assignments and presentation skills.
4CB21CB130,17,18,16,9,10,3,5,12,"Strong in theory, needs more focus on assignments."
4CB21CB131,16,15,14,8,8,3,4,11,"Consistent in theory, needs improvement in presentations."
4CB21CB132,14,16,15,7,8,2,5,10,"Quiz work is good, focus on assignments and presentations."
4CB21CB133,19,18,20,9,10,3,5,12,Excellent in both theory and presentation. Keep consistency.
4CB21CB134,12,13,11,6,7,2,4,9,Needs improvement in both assignments and presentations.
4CB21CB135,20,20,20,10,10,3,5,12,"Excellent performance, maintain it."
4CB21CB136,15,17,14,8,9,3,5,11,"Good in theory, more work needed on assignments."
4CB21CB137,19,20,18,10,10,3,5,12,"Strong in both theory and presentation, continue."
4CB21CB138,14,15,13,7,8,2,5,10,Needs more focus on assignments and presentations.
4CB21CB139,16,18,15,8,9,3,5,11,"Strong in theory, more effort required in assignments."
4CB21CB140,17,16,18,9,10,3,5,12,Excellent in assignments and presentations.
4CB21CB141,15,14,16,8,9,3,4,11,"Good in theory, work more on assignments and presentations."
4CB21CB142,12,13,14,7,8,2,5,10,Needs improvement in theory and assignments.
4CB21CB143,14,16,15,8,9,3,5,11,Needs focus on assignments and presentations.
4CB21CB144,17,18,19,9,10,3,5,12,"Strong performance, continue to focus on presentations."
4CB21CB145,18,17,18,9,9,3,5,12,"Good in theory, improve in presentation skills."
4CB21CB146,16,18,15,8,9,3,4,11,"Consistent in theory, needs improvement in assignments."
4CB21CB147,13,14,15,7,7,2,4,9,Needs improvement in theory and assignments.
4CB21CB148,20,19,20,10,10,3,5,12,Excellent in both theory and presentation.
4CB21CB149,17,18,16,9,9,3,5,11,"Good in theory, improve presentation skills."
4CB21CB150,14,13,12,7,6,2,4,9,Needs improvement in theory and assignments.
4CB21CB151,14,15,16,8,9,3,4,10,"Strong in theoretical understanding, focus on assignments."
4CB21CB152,12,14,13,7,8,2,5,11,Needs to improve in presentations and assignments.
4CB21CB153,16,18,19,9,10,3,5,12,"Excellent in theory and presentation, maintain consistency."
4CB21CB154,10,11,12,6,7,2,4,9,Needs focus on assignments and presentation skills.
4CB21CB155,14,15,16,8,8,3,5,11,"Good in theory, work on assignments and presentations."
4CB21CB156,18,19,20,10,10,3,5,12,"Excellent in all aspects, continue balancing."
4CB21CB157,12,13,11,7,6,2,4,9,Needs improvement in assignments and presentations.
4CB21CB158,15,16,14,8,9,3,5,11,"Solid in theory, improve in presentations and assignments."
4CB21CB159,13,14,15,7,8,2,4,10,Needs to focus more on assignments and presentation skills.
4CB21CB160,17,18,16,9,10,3,5,12,"Strong in theory, needs more focus on assignments."
4CB21CB161,16,15,14,8,8,3,4,11,"Consistent in theory, needs improvement in presentations."
4CB21CB162,14,16,15,7,8,2,5,10,"Quiz work is good, focus on assignments and presentations."
4CB21CB163,19,18,20,9,10,3,5,12,Excellent in both theory and presentation. Keep consistency.
4CB21CB164,12,13,11,6,7,2,4,9,Needs improvement in both assignments and presentations.
4CB21CB165,20,20,20,10,10,3,5,12,"Excellent performance, maintain it."
4CB21CB166,15,17,14,8,9,3,5,11,"Good in theory, more work needed on assignments."
4CB21CB167,19,20,18,10,10,3,5,12,"Strong in both theory and presentation, continue."
4CB21CB168,14,15,13,7,8,2,5,10,Needs more focus on assignments and presentations.
4CB21CB169,16,18,15,8,9,3,5,11,"Strong in theory, more effort required in assignments."
4CB21CB170,17,16,18,9,10,3,5,12,Excellent in assignments and presentations.
4CB21CB171,16,15,17,9,10,3,5,12,"Good in theory, work more on assignments and presentations."
4CB21CB172,13,14,15,8,9,3,6,11,Needs improvement in theory and assignments.
4CB21CB173,15,17,16,9,10,4,6,12,Needs focus on assignments and presentations.
4CB21CB174,18,19,20,10,10,4,6,13,"Strong performance, continue to focus on presentations."
4CB21CB175,19,18,19,10,9,3,5,13,"Good in theory, improve in presentation skills."
4CB21CB176,17,18,16,9,9,3,4,12,"Consistent in theory, needs improvement in assignments."
4CB21CB177,14,15,16,8,8,2,5,10,Needs improvement in theory and assignments.
4CB21CB178,20,20,20,10,10,4,6,13,Excellent in both theory and presentation.
4CB21CB179,18,19,18,10,9,3,5,12,"Good in theory, improve presentation skills."
4CB21CB180,15,14,13,8,7,3,5,10,Needs improvement in theory and assignments.
4CB21CB181,16,17,15,9,9,3,5,12,"Solid performance, keep working on presentations."
4CB21CB182,18,19,20,10,10,3,5,13,"Strong performance, consistent focus on all areas."
4CB21CB183,14,15,16,8,9,3,5,10,Needs to focus more on assignments and presentation skills.
4CB21CB184,17,18,19,9,10,4,6,13,"Good in theory, improve in assignments and presentations."
4CB21CB185,15,14,13,8,7,2,4,9,Needs more focus on assignments and presentations.
4CB21CB186,20,20,20,10,10,4,6,13,"Excellent in all aspects, maintain consistency."
4CB21CB187,13,14,12,7,6,2,5,9,Needs improvement in both assignments and presentations.
4CB21CB188,17,18,18,9,9,3,5,12,"Solid performance, continue to focus on assignments."
4CB21CB189,15,16,17,9,10,3,4,12,Needs more focus on assignments and presentations.
4CB21CB190,16,15,16,9,10,3,5,12,Work more on assignments and presentation skills.
4CB21CB191,18,19,20,10,10,3,6,13,"Excellent in theory and assignments, keep consistency."
4CB21CB192,14,13,14,7,8,3,4,9,Needs improvement in both theory and presentations.
4CB21CB193,13,14,15,7,8,2,5,9,Needs improvement in assignments and presentation skills.
4CB21CB194,16,18,18,9,10,3,5,12,"Strong in assignments and theory, continue with presentation."
4CB21CB195,17,18,17,9,10,3,5,12,"Keep up the good work, focus more on assignments."
4CB21CB196,14,15,16,8,9,3,4,11,Needs to work on assignments and presentations.
4CB21CB197,13,12,13,6,7,2,4,9,Needs improvement in both assignments and theory.
4CB21CB198,15,17,18,9,10,3,5,12,"Good theoretical understanding, improve assignments."
4CB21CB199,17,18,16,9,9,3,5,12,"Strong in theory, more focus needed in assignments."
4CB21CB200,15,13,14,8,7,3,5,10,Needs to focus more on assignments and presentations.
4CB21CB201,19,20,20,10,10,4,6,13,"Excellent in theory, work on assignment presentation."
4CB21CB202,16,17,18,9,9,3,5,12,"Good in theory, needs focus on assignments."
4CB21CB203,14,15,16,8,9,2,5,10,Needs improvement in assignments and presentations.
4CB21CB204,18,19,20,10,10,4,6,13,Strong in assignments and theory. Keep consistency.
4CB21CB205,15,14,16,8,9,3,5,11,Needs more focus on assignments and presentations.
4CB21CB206,12,13,14,7,8,2,4,9,Needs more focus on assignments.
4CB21CB207,17,18,19,10,9,3,5,12,"Solid performance, focus on presentation skills."
4CB21CB208,20,19,20,10,10,4,6,13,"Excellent in theory, consistent in all aspects."
4CB21CB209,15,16,17,9,10,3,5,12,"Good in theory, improve presentation and assignments."
4CB21CB210,16,17,18,9,9,3,5,12,"Strong in theory, focus on assignments and presentations."
4CB21CB211,13,14,15,8,9,2,5,9,Needs to improve in assignments and presentations.
4CB21CB212,16,17,15,9,10,3,5,12,"Good in assignments, more focus needed on theory."
4CB21CB213,19,18,20,10,10,4,6,13,"Excellent in assignments and theory, keep consistency."
4CB21CB214,14,14,12,7,8,3,4,9,Needs improvement in assignments and presentations.
4CB21CB215,17,19,20,10,10,4,6,13,Strong in theory and assignments.
4CB21CB216,13,14,12,7,8,2,4,9,Needs improvement in theory and presentation.
4CB21CB217,15,17,16,8,9,3,5,12,"Good in assignments, work more on presentations."
4CB21CB218,19,20,20,10,10,4,6,13,"Excellent in assignments, keep focusing on theory."
4CB21CB219,16,17,18,9,9,3,5,12,"Focus on assignments, strong in theory."
4CB21CB220,16,15,13,8,9,3,4,11,"Good in theory, more effort needed in assignments."
4CB21CB221,17,18,16,9,9,3,5,12,Good in theory and assignments. Keep up the good work.
4CB21CB222,14,13,14,7,8,2,4,9,Needs improvement in theory and assignments.
4CB21CB223,19,20,20,10,10,4,6,13,"Excellent performance, keep consistency in all aspects."
4CB21CB224,15,16,17,8,9,3,5,12,"Solid in theory, more work needed on assignments."
4CB21CB225,17,19,18,9,10,3,5,12,"Good in theory, work more on presentation skills."
4CB21CB226,13,14,12,7,8,2,4,9,Needs improvement in assignments and theory.
4CB21CB227,20,20,20,10,10,4,6,13,Excellent performance in all areas.
4CB21CB228,16,17,15,8,9,3,5,12,"Strong in theory, improve in assignments."
4CB21CB229,14,15,16,7,8,3,5,9,Needs to improve in theory and presentations.
4CB21CB230,18,19,20,9,10,3,5,12,Strong in both theory and assignments. Keep consistency.
4CB21CB231,15,16,17,8,9,3,5,11,"Good in theory, improve presentation skills."
4CB21CB232,16,18,19,9,10,3,5,12,"Consistent in theory and assignments, keep working on presentations."
4CB21CB233,14,13,12,7,8,2,4,9,Needs focus on assignments and presentations.
4CB21CB234,19,20,20,10,10,4,6,13,Excellent performance in all aspects.
4CB21CB235,16,15,14,8,9,3,5,11,"Good in theory, needs more focus on assignments."
4CB21CB236,18,17,18,9,9,3,5,12,"Strong in theory and assignments, keep consistency."
4CB21CB237,15,16,17,9,9,3,5,11,Needs more focus on assignments and presentations.
4CB21CB238,19,20,20,10,10,4,6,13,"Excellent in assignments and theory, consistent performance."
4CB21CB239,17,18,16,9,9,3,5,12,"Strong in theory, needs focus on assignments."
4CB21CB240,13,14,12,7,6,2,4,8,Needs significant improvement in assignments and presentations.
4CB21CB241,16,17,15,9,9,3,5,12,"Solid performance, keep working on presentations."
4CB21CB242,18,19,20,10,10,3,5,13,"Strong performance, consistent focus on all areas."
4CB21CB243,14,15,16,8,9,3,5,10,Needs to focus more on assignments and presentation skills.
4CB21CB244,17,18,19,9,10,4,6,13,"Good in theory, improve in assignments and presentations."
4CB21CB245,15,14,13,8,7,2,4,9,Needs more focus on assignments and presentations.
4CB21CB246,20,20,20,10,10,4,6,13,"Excellent in all aspects, maintain consistency."
4CB21CB247,13,14,12,7,6,2,5,9,Needs improvement in both assignments and presentations.
4CB21CB248,17,18,18,9,9,3,5,12,"Solid performance, continue to focus on assignments."
4CB21CB249,15,16,17,9,10,3,4,12,Needs more focus on assignments and presentations.
4CB21CB250,16,15,16,9,10,3,5,12,Work more on assignments and presentation skills.
4CB21CB251,18,19,20,10,10,3,6,13,"Excellent in theory and assignments, keep consistency."
4CB21CB252,14,13,14,7,8,3,4,9,Needs improvement in both theory and presentations.
4CB21CB253,13,14,15,7,8,2,5,9,Needs improvement in assignments and presentation skills.
4CB21CB254,16,18,18,9,10,3,5,12,"Strong in assignments and theory, continue with presentation."
4CB21CB255,17,18,17,9,10,3,5,12,"Keep up the good work, focus more on assignments."
4CB21CB256,14,15,16,8,9,3,4,11,Needs to work on assignments and presentations.
4CB21CB257,13,12,13,6,7,2,4,9,Needs improvement in both assignments and theory.
4CB21CB258,15,17,18,9,10,3,5,12,"Good theoretical understanding, improve assignments."
4CB21CB259,17,18,16,9,9,3,5,12,"Strong in theory, more focus needed in assignments."
4CB21CB260,15,13,14,8,7,3,5,10,Needs to focus more on assignments and presentations.
4CB21CB261,19,20,20,10,10,4,6,13,"Excellent in theory, work on assignment presentation."
4CB21CB262,16,17,18,9,9,3,5,12,"Good in theory, needs focus on assignments."
4CB21CB263,14,15,16,8,9,2,5,10,Needs improvement in assignments and presentations.
4CB21CB264,18,19,20,10,10,4,6,13,Strong in assignments and theory. Keep consistency.
4CB21CB265,15,14,16,8,9,3,5,11,Needs more focus on assignments and presentations.
4CB21CB266,12,13,14,7,8,2,4,9,Needs more focus on assignments.
4CB21CB267,17,18,19,10,9,3,5,12,"Solid performance, focus on presentation skills."
4CB21CB268,20,19,20,10,10,4,6,13,"Excellent in theory, consistent in all aspects."
4CB21CB269,15,16,17,9,10,3,5,12,"Good in theory, improve presentation and assignments."
4CB21CB270,16,17,18,9,9,3,5,12,"Strong in theory, focus on assignments and presentations."
4CB21CB271,13,14,15,8,9,2,5,9,Needs to improve in assignments and presentations.
4CB21CB272,16,17,15,9,10,3,5,12,"Good in assignments, more focus needed on theory."
4CB21CB273,19,18,20,10,10,4,6,13,"Excellent in assignments and theory, keep consistency."
4CB21CB274,14,14,12,7,8,3,4,9,Needs improvement in assignments and presentations.
4CB21CB275,17,19,20,10,10,4,6,13,Strong in theory and assignments.
4CB21CB276,13,14,12,7,8,2,4,9,Needs improvement in theory and presentation.
4CB21CB277,15,17,16,8,9,3,5,12,"Good in assignments, work more on presentations."
4CB21CB278,19,20,20,10,10,4,6,13,"Excellent in assignments, keep focusing on theory."
4CB21CB279,16,17,18,9,9,3,5,12,"Focus on assignments, strong in theory."
4CB21CB280,16,15,13,8,9,3,4,11,"Good in theory, more effort needed in assignments."
4CB21CB281,17,18,16,9,9,3,5,12,Good in theory and assignments. Keep up the good work.
4CB21CB282,14,13,14,7,8,2,4,9,Needs improvement in theory and assignments.
4CB21CB283,19,20,20,10,10,4,6,13,"Excellent performance, keep consistency in all aspects."
4CB21CB284,15,16,17,8,9,3,5,12,"Solid in theory, more work needed on assignments."
4CB21CB285,17,19,18,9,10,3,5,12,"Good in theory, work more on presentation skills."
4CB21CB286,13,14,12,7,8,2,4,9,Needs improvement in assignments and theory.
4CB21CB287,20,20,20,10,10,4,6,13,Excellent performance in all areas.
4CB21CB288,16,17,15,8,9,3,5,12,"Strong in theory, improve in assignments."
4CB21CB289,14,15,16,7,8,3,5,9,Needs to improve in theory and presentations.
4CB21CB290,18,19,20,9,10,3,5,12,Strong in both theory and assignments. Keep consistency.
4CB21CB291,15,16,17,8,9,3,5,11,"Good in theory, improve presentation skills."
4CB21CB292,16,18,19,9,10,3,5,12,"Consistent in theory and assignments, keep working on presentations."
4CB21CB293,14,13,12,7,8,2,4,9,Needs focus on assignments and presentations.
4CB21CB294,19,20,20,10,10,4,6,13,Excellent performance in all aspects.
4CB21CB295,16,15,14,8,9,3,5,11,"Good in theory, needs more focus on assignments."
4CB21CB296,18,17,18,9,9,3,5,12,"Strong in theory and assignments, keep consistency."
4CB21CB297,15,16,17,9,9,3,5,11,Needs more focus on assignments and presentations.
4CB21CB298,19,20,20,10,10,4,6,13,"Excellent in assignments and theory, consistent performance."
4CB21CB299,17,18,16,9,9,3,5,12,"Strong in theory, needs focus on assignments."
4CB21CB300,13,14,12,7,6,2,4,8,Needs significant improvement in assignments and presentations.
4CB21CB301,14,15,16,8,9,3,4,10,Needs improvement in assignments and presentations.
4CB21CB302,18,17,19,9,10,3,5,12,"Excellent in theory, focus on assignments."
4CB21CB303,13,14,15,7,8,2,4,9,Needs more focus on assignments and presentation skills.
4CB21CB304,10,11,12,6,7,2,4,9,Needs focus on assignments and presentation skills.
4CB21CB305,14,15,16,8,8,3,5,11,"Good in theory, work on assignments and presentations."
4CB21CB306,18,19,20,10,10,3,5,12,"Excellent in all aspects, continue balancing."
4CB21CB307,12,13,11,7,6,2,4,9,Needs improvement in assignments and presentations.
4CB21CB308,15,16,14,8,9,3,5,11,"Solid in theory, improve in presentations and assignments."
4CB21CB309,13,14,15,7,8,2,4,10,Needs to focus more on assignments and presentation skills.
4CB21CB310,17,18,16,9,10,3,5,12,"Strong in theory, needs more focus on assignments."
4CB21CB311,16,15,14,8,8,3,4,11,"Consistent in theory, needs improvement in presentations."
4CB21CB312,14,16,15,7,8,2,5,10,"Quiz work is good, focus on assignments and presentations."
4CB21CB313,19,18,20,9,10,3,5,12,Excellent in both theory and presentation. Keep consistency.
4CB21CB314,12,13,11,6,7,2,4,9,Needs improvement in both assignments and presentations.
4CB21CB315,20,20,20,10,10,3,5,12,"Excellent performance, maintain it."
4CB21CB316,15,17,14,8,9,3,5,11,"Good in theory, more work needed on assignments."
4CB21CB317,19,20,18,10,10,3,5,12,"Strong in both theory and presentation, continue."
4CB21CB318,14,15,13,7,8,2,5,10,Needs more focus on assignments and presentations.
4CB21CB319,16,18,15,8,9,3,5,11,"Strong in theory, more effort required in assignments."
4CB21CB320,17,16,18,9,10,3,5,12,Excellent in assignments and presentations.
4CB21CB321,15,14,16,8,9,3,4,11,"Good in theory, work more on assignments and presentations."
4CB21CB322,12,13,14,7,8,2,5,10,Needs improvement in theory and assignments.
4CB21CB323,14,16,15,8,9,3,5,11,Needs focus on assignments and presentations.
4CB21CB324,17,18,19,9,10,3,5,12,"Strong performance, continue to focus on presentations."
4CB21CB325,18,17,18,9,9,3,5,12,"Good in theory, improve in presentation skills."
4CB21CB326,16,18,15,8,9,3,4,11,"Consistent in theory, needs improvement in assignments."
4CB21CB327,13,14,15,7,7,2,4,9,Needs improvement in theory and assignments.
4CB21CB328,20,19,20,10,10,3,5,12,Excellent in both theory and presentation.
4CB21CB329,17,18,16,9,9,3,5,11,"Good in theory, improve presentation skills."
4CB21CB330,14,13,12,7,6,2,4,9,Needs improvement in theory and assignments.
4CB21CB331,14,15,16,8,9,3,4,10,"Strong in theoretical understanding, focus on assignments."
4CB21CB332,12,14,13,7,8,2,5,11,Needs to improve in presentations and assignments.
4CB21CB333,16,18,19,9,10,3,5,12,"Excellent in theory and presentation, maintain consistency."
4CB21CB334,10,11,12,6,7,2,4,9,Needs focus on assignments and presentation skills.
4CB21CB335,14,15,16,8,8,3,5,11,"Good in theory, work on assignments and presentations."
4CB21CB336,18,19,20,10,10,3,5,12,"Excellent in all aspects, continue balancing."
4CB21CB337,12,13,11,7,6,2,4,9,Needs improvement in assignments and presentations.
4CB21CB338,15,16,14,8,9,3,5,11,"Solid in theory, improve in presentations and assignments."
4CB21CB339,13,14,15,7,8,2,4,10,Needs to focus more on assignments and presentation skills.
4CB21CB340,17,18,16,9,10,3,5,12,"Strong in theory, needs more focus on assignments."
4CB21CB341,16,15,14,8,8,3,4,11,"Consistent in theory, needs improvement in presentations."
4CB21CB342,14,16,15,7,8,2,5,10,"Quiz work is good, focus on assignments and presentations."
4CB21CB343,19,18,20,9,10,3,5,12,Excellent in both theory and presentation. Keep consistency.
4CB21CB344,12,13,11,6,7,2,4,9,Needs improvement in both assignments and presentations.
4CB21CB345,20,20,20,10,10,3,5,12,"Excellent performance, maintain it."
4CB21CB346,15,17,14,8,9,3,5,11,"Good in theory, more work needed on assignments."
4CB21CB347,19,20,18,10,10,3,5,12,"Strong in both theory and presentation, continue."
4CB21CB348,14,15,13,7,8,2,5,10,Needs more focus on assignments and presentations.
4CB21CB349,16,18,15,8,9,3,5,11,"Strong in theory, more effort required in assignments."
4CB21CB350,17,16,18,9,10,3,5,12,Excellent in assignments and presentations.
4CB21CB351,16,15,17,9,10,3,5,12,"Good in theory, work more on assignments and presentations."
4CB21CB352,13,14,15,8,9,3,6,11,Needs improvement in theory and assignments.
4CB21CB353,15,17,16,9,10,4,6,12,Needs focus on assignments and presentations.
4CB21CB354,18,19,20,10,10,4,6,13,"Strong performance, continue to focus on presentations."
4CB21CB355,19,18,19,10,9,3,5,13,"Good in theory, improve in presentation skills."
4CB21CB356,17,18,16,9,9,3,4,12,"Consistent in theory, needs improvement in assignments."
4CB21CB357,14,15,16,8,8,2,5,10,Needs improvement in theory and assignments.
4CB21CB358,20,20,20,10,10,4,6,13,Excellent in both theory and presentation.
4CB21CB359,18,19,18,10,9,3,5,12,"Good in theory, improve presentation skills."
4CB21CB360,15,14,13,8,7,3,5,10,Needs improvement in theory and assignments.
4CB21CB361,16,17,15,9,9,3,5,12,"Solid performance, keep working on presentations."
4CB21CB362,18,19,20,10,10,3,5,13,"Strong performance, consistent focus on all areas."
4CB21CB363,14,15,16,8,9,3,5,10,Needs to focus more on assignments and presentation skills.
4CB21CB364,17,18,19,9,10,4,6,13,"Good in theory, improve in assignments and presentations."
4CB21CB365,15,14,13,8,7,2,4,9,Needs more focus on assignments and presentations.
4CB21CB366,20,20,20,10,10,4,6,13,"Excellent in all aspects, maintain consistency."
4CB21CB367,13,14,12,7,6,2,5,9,Needs improvement in both assignments and presentations.
4CB21CB368,17,18,18,9,9,3,5,12,"Solid performance, continue to focus on assignments."
4CB21CB369,15,16,17,9,10,3,4,12,Needs more focus on assignments and presentations.
4CB21CB370,16,15,16,9,10,3,5,12,Work more on assignments and presentation skills.
4CB21CB371,18,19,20,10,10,3,6,13,"Excellent in theory and assignments, keep consistency."
4CB21CB372,14,13,14,7,8,3,4,9,Needs improvement in both theory and presentations.
4CB21CB373,13,14,15,7,8,2,5,9,Needs improvement in assignments and presentation skills.
4CB21CB374,16,18,18,9,10,3,5,12,"Strong in assignments and theory, continue with presentation."
4CB21CB375,17,18,17,9,10,3,5,12,"Keep up the good work, focus more on assignments."
4CB21CB376,14,15,16,8,9,3,4,11,Needs to work on assignments and presentations.
4CB21CB377,13,12,13,6,7,2,4,9,Needs improvement in both assignments and theory.
4CB21CB378,15,17,18,9,10,3,5,12,"Good theoretical understanding, improve assignments."
4CB21CB379,17,18,16,9,9,3,5,12,"Strong in theory, more focus needed in assignments."
4CB21CB380,15,13,14,8,7,3,5,10,Needs to focus more on assignments and presentations.
4CB21CB381,19,20,20,10,10,4,6,13,"Excellent in theory, work on assignment presentation."
4CB21CB382,16,17,18,9,9,3,5,12,"Good in theory, needs focus on assignments."
4CB21CB383,14,15,16,8,9,2,5,10,Needs improvement in assignments and presentations.
4CB21CB384,18,19,20,10,10,4,6,13,Strong in assignments and theory. Keep consistency.
4CB21CB385,15,14,16,8,9,3,5,11,Needs more focus on assignments and presentations.
4CB21CB386,12,13,14,7,8,2,4,9,Needs more focus on assignments.
4CB21CB387,17,18,19,10,9,3,5,12,"Solid performance, focus on presentation skills."
4CB21CB388,20,19,20,10,10,4,6,13,"Excellent in theory, consistent in all aspects."
4CB21CB389,15,16,17,9,10,3,5,12,"Good in theory, improve presentation and assignments."
4CB21CB390,16,17,18,9,9,3,5,12,"Strong in theory, focus on assignments and presentations."
4CB21CB391,13,14,15,8,9,2,5,9,Needs to improve in assignments and presentations.
4CB21CB392,16,17,15,9,10,3,5,12,"Good in assignments, more focus needed on theory."
4CB21CB393,19,18,20,10,10,4,6,13,"Excellent in assignments and theory, keep consistency."
4CB21CB394,14,14,12,7,8,3,4,9,Needs improvement in assignments and presentations.
4CB21CB395,17,19,20,10,10,4,6,13,Strong in theory and assignments.
4CB21CB396,13,14,12,7,8,2,4,9,Needs improvement in theory and presentation.
4CB21CB397,15,17,16,8,9,3,5,12,"Good in assignments, work more on presentations."
4CB21CB398,19,20,20,10,10,4,6,13,"Excellent in assignments, keep focusing on theory."
4CB21CB399,16,17,18,9,9,3,5,12,"Focus on assignments, strong in theory."
4CB21CB400,16,15,13,8,9,3,4,11,"Good in theory, more effort needed in assignments."
4CB21CB401,17,18,16,9,9,3,5,12,Good in theory and assignments. Keep up the good work.
4CB21CB402,14,13,14,7,8,2,4,9,Needs improvement in theory and assignments.
4CB21CB403,19,20,20,10,10,4,6,13,"Excellent performance, keep consistency in all aspects."
4CB21CB404,15,16,17,8,9,3,5,12,"Solid in theory, more work needed on assignments."
4CB21CB405,17,19,18,9,10,3,5,12,"Good in theory, work more on presentation skills."
4CB21CB406,13,14,12,7,8,2,4,9,Needs improvement in assignments and theory.
4CB21CB407,20,20,20,10,10,4,6,13,Excellent performance in all areas.
4CB21CB408,16,17,15,8,9,3,5,12,"Strong in theory, improve in assignments."
4CB21CB409,14,15,16,7,8,3,5,9,Needs to improve in theory and presentations.
4CB21CB410,18,19,20,9,10,3,5,12,Strong in both theory and assignments. Keep consistency.
4CB21CB411,15,16,17,8,9,3,5,11,"Good in theory, improve presentation skills."
4CB21CB412,16,18,19,9,10,3,5,12,"Consistent in theory and assignments, keep working on presentations."
4CB21CB413,14,13,12,7,8,2,4,9,Needs focus on assignments and presentations.
4CB21CB414,19,20,20,10,10,4,6,13,Excellent performance in all aspects.
4CB21CB415,16,15,14,8,9,3,5,11,"Good in theory, needs more focus on assignments."
4CB21CB416,18,17,18,9,9,3,5,12,"Strong in theory and assignments, keep consistency."
4CB21CB417,15,16,17,9,9,3,5,11,Needs more focus on assignments and presentations.
4CB21CB418,19,20,20,10,10,4,6,13,"Excellent in assignments and theory, consistent performance."
4CB21CB419,17,18,16,9,9,3,5,12,"Strong in theory, needs focus on assignments."
4CB21CB420,13,14,12,7,6,2,4,8,Needs significant improvement in assignments and presentations.
4CB21CB421,16,17,15,8,7,3,5,11,Needs improvement in theory and seminar work.
4CB21CB422,18,19,18,9,9,3,5,12,Excellent performance. Needs to improve seminar clarity.
4CB21CB423,14,15,14,7,6,2,3,6,Needs significant improvement in all areas.
4CB21CB424,19,18,19,10,9,3,5,12,Excellent performance. Focus on seminar delivery.
4CB21CB425,16,17,16,8,7,3,5,11,Needs improvement in lab and seminar work.
4CB21CB426,18,19,18,9,9,3,5,12,Excellent performance. Needs to focus on seminar presentation.
4CB21CB427,14,15,14,7,6,2,3,6,Needs improvement in lab and theory.
4CB21CB428,19,18,19,10,9,3,5,12,Excellent performance. Focus on seminar confidence.
4CB21CB429,16,17,16,8,7,3,5,11,Needs improvement in theory and seminar delivery.
4CB21CB430,18,19,18,9,9,3,5,12,Excellent performance. Needs to work on seminar clarity.
4CB21CB431,14,15,14,7,6,2,3,6,"Needs significant improvement in theory, lab, and seminar."
4CB21CB432,19,18,19,10,9,3,5,12,Excellent performance. Needs to improve seminar presentation.
4CB21CB433,16,17,16,8,7,3,5,11,Needs improvement in theory and seminar delivery.
4CB21CB434,18,19,18,9,9,3,5,12,Excellent performance. Focus on improving seminar clarity.
4CB21CB435,14,15,14,7,6,2,3,6,"Needs improvement in theory, lab, and seminar."
4CB21CB436,19,18,19,10,9,3,5,12,Excellent performance. Focus on seminar delivery.
4CB21CB437,16,17,16,8,7,3,5,11,Needs improvement in lab and theory.
4CB21CB438,18,19,18,9,9,3,5,12,Excellent performance. Needs to focus on seminar confidence.
4CB21CB439,14,15,14,7,6,2,3,6,Needs improvement in lab and seminar work.
4CB21CB440,19,18,19,10,9,3,5,12,Excellent performance overall. Needs to improve seminar presentation.
4CB21CB441,16,17,16,8,7,3,5,11,Needs improvement in theory and seminar delivery.
4CB21CB442,18,19,18,9,9,3,5,12,Excellent performance. Needs to focus on improving seminar clarity.
4CB21CB443,14,15,14,7,6,2,3,6,"Needs significant improvement in theory, lab, and seminar."
4CB21CB444,19,18,19,10,9,3,5,12,Excellent performance overall. Needs to improve seminar presentation.
4CB21CB445,16,17,16,8,7,3,5,11,Needs improvement in lab and seminar work.
4CB21CB446,18,19,18,9,9,3,5,12,Excellent performance overall. Needs to focus on seminar delivery.
4CB21CB447,14,15,14,7,6,2,3,6,Needs improvement in lab and seminar work.
4CB21CB448,19,18,19,10,9,3,5,12,Excellent performance overall. Needs to improve seminar confidence.
4CB21CB449,16,17,16,8,7,3,5,11,Needs improvement in theory and seminar delivery.
4CB21CB450,18,19,18,9,9,3,5,12,Excellent performance overall. Needs to work on seminar delivery.
4CB21CB451,14,15,14,7,6,2,3,6,"Needs significant improvement in theory, lab, and seminar."
4CB21CB452,19,18,19,10,9,3,5,12,Excellent performance overall. Needs to work on seminar presentation.
4CB21CB453,16,17,16,8,7,3,5,11,Needs improvement in lab and seminar work.
4CB21CB454,18,19,18,9,9,3,5,12,Excellent performance overall. Needs to improve seminar clarity.
4CB21CB455,14,15,14,7,6,2,3,6,"Needs significant improvement in theory, lab, and seminar."
4CB21CB456,19,18,19,10,9,3,5,12,Excellent performance. Needs to improve seminar delivery.
4CB21CB457,16,17,16,8,7,3,5,11,Needs improvement in theory and seminar work.
4CB21CB458,18,19,18,9,9,3,5,12,Excellent performance overall. Needs to work on seminar clarity.
4CB21CB459,14,15,14,7,6,2,3,6,"Needs significant improvement in theory, lab, and seminar."
4CB21CB460,19,18,19,10,9,3,5,12,Excellent performance overall. Needs to focus on seminar delivery.
4CB21CB461,16,17,16,8,7,3,5,11,Needs improvement in theory and lab.
4CB21CB462,18,19,18,9,9,3,5,12,Excellent performance. Needs to focus on improving seminar presentation.
4CB21CB463,14,15,14,7,6,2,3,6,Needs improvement in lab and seminar.
4CB21CB464,19,18,19,10,9,3,5,12,Excellent performance overall. Needs to improve seminar confidence.
4CB21CB465,16,17,16,8,7,3,5,11,Needs improvement in theory and seminar work.
4CB21CB466,18,19,18,9,9,3,5,12,Excellent performance overall. Needs to improve seminar delivery.
4CB21CB467,14,15,14,7,6,2,3,6,"Needs significant improvement in theory, lab, and seminar."
4CB21CB468,19,18,19,10,9,3,5,12,Excellent performance overall. Needs to improve seminar clarity.
4CB21CB469,16,17,16,8,7,3,5,11,"Needs improvement in theory, lab, and seminar delivery."
4CB21CB470,18,19,18,9,9,3,5,12,Excellent performance overall. Needs to work on seminar presentation.
4CB21CB471,14,15,14,7,6,2,3,6,"Needs significant improvement in theory, lab, and seminar."
4CB21CB472,19,18,19,10,9,3,5,12,Excellent performance. Needs to work on seminar presentation.
4CB21CB473,16,17,16,8,7,3,5,11,Needs improvement in lab and seminar work.
4CB21CB474,18,19,18,9,9,3,5,12,Excellent performance. Needs to improve seminar clarity.
4CB21CB475,14,15,14,7,6,2,3,6,"Needs significant improvement in theory, lab, and seminar."
4CB21CB476,19,18,19,10,9,3,5,12,Excellent performance. Focus on seminar delivery.
4CB21CB477,16,17,16,8,7,3,5,11,Needs improvement in theory and seminar work.
4CB21CB478,18,19,18,9,9,3,5,12,Excellent performance. Needs to work on seminar clarity.
4CB21CB479,14,15,14,7,6,2,3,6,"Needs significant improvement in theory, lab, and seminar."
4CB21CB480,19,18,19,10,9,3,5,12,Excellent performance. Needs to focus on seminar delivery.
4CB21CB481,16,17,16,8,7,3,5,11,Needs improvement in theory and lab.
4CB21CB482,18,19,18,9,9,3,5,12,Excellent performance. Needs to focus on improving seminar presentation.
4CB21CB483,14,15,14,7,6,2,3,6,Needs improvement in lab and seminar.
4CB21CB484,19,18,19,10,9,3,5,12,Excellent performance. Needs to improve seminar delivery.
4CB21CB485,16,17,16,8,7,3,5,11,Needs improvement in theory and seminar work.
4CB21CB486,18,19,18,9,9,3,5,12,Excellent performance overall. Needs to improve seminar clarity.
4CB21CB487,14,15,14,7,6,2,3,6,"Needs significant improvement in theory, lab, and seminar."
4CB21CB488,19,18,19,10,9,3,5,12,Excellent performance overall. Needs to improve seminar presentation.
4CB21CB489,16,17,16,8,7,3,5,11,Needs improvement in lab and seminar work.
4CB21CB490,18,19,18,9,9,3,5,12,Excellent performance. Needs to work on seminar clarity.
4CB21CB491,14,15,14,7,6,2,3,6,Needs improvement in theory and seminar work.
4CB21CB492,19,18,19,10,9,3,5,12,Excellent performance. Needs to improve seminar clarity.
4CB21CB493,16,17,16,8,7,3,5,11,"Needs improvement in theory, lab, and seminar."
4CB21CB494,18,19,18,9,9,3,5,12,Excellent performance overall. Needs to improve seminar delivery.
4CB21CB495,14,15,14,7,6,2,3,6,"Needs improvement in theory, lab, and seminar delivery."
4CB21CB496,19,18,19,10,9,3,5,12,Excellent performance. Needs to focus on seminar delivery.
4CB21CB497,16,17,16,8,7,3,5,11,Needs improvement in theory and seminar work.
4CB21CB498,18,19,18,9,9,3,5,12,Excellent performance overall. Needs to improve seminar clarity.
4CB21CB499,14,15,14,7,6,2,3,6,"Needs significant improvement in theory, lab, and seminar."
4CB21CB500,19,18,19,10,9,3,5,12,Excellent performance. Needs to focus on seminar delivery.
4CB21CB501,16,17,16,8,7,3,5,11,Needs improvement in lab and seminar work.
4CB21CB502,18,19,18,9,9,3,5,12,Excellent performance. Needs to improve seminar presentation.
4CB21CB503,14,15,14,7,6,2,3,6,Needs improvement in lab and seminar.
4CB21CB504,19,18,19,10,9,3,5,12,Excellent performance overall. Needs to improve seminar delivery.
4CB21CB505,16,17,16,8,7,3,5,11,Needs improvement in theory and seminar work.
4CB21CB506,18,19,18,9,9,3,5,12,Excellent performance. Needs to focus on improving seminar presentation.
4CB21CB507,14,15,14,7,6,2,3,6,"Needs significant improvement in theory, lab, and seminar."
4CB21CB508,19,18,19,10,9,3,5,12,Excellent performance. Needs to improve seminar confidence.
4CB21CB509,16,17,16,8,7,3,5,11,Needs improvement in theory and seminar delivery.
4CB21CB510,18,19,18,9,9,3,5,12,Excellent performance overall. Needs to work on seminar presentation.
4CB21CB511,14,15,14,7,6,2,3,6,"Needs significant improvement in theory, lab, and seminar."
4CB21CB512,19,18,19,10,9,3,5,12,Excellent performance. Needs to work on seminar presentation.
4CB21CB513,16,17,16,8,7,3,5,11,Needs improvement in lab and seminar work.
4CB21CB514,18,19,18,9,9,3,5,12,Excellent performance. Needs to improve seminar clarity.
4CB21CB515,14,15,14,7,6,2,3,6,"Needs significant improvement in theory, lab, and seminar."
4CB21CB516,19,18,19,10,9,3,5,12,Excellent performance. Focus on seminar delivery.
4CB21CB517,16,17,16,8,7,3,5,11,Needs improvement in theory and seminar work.
4CB21CB518,18,19,18,9,9,3,5,12,Excellent performance. Needs to work on seminar clarity.
4CB21CB519,14,15,14,7,6,2,3,6,"Needs significant improvement in theory, lab, and seminar."
4CB21CB520,19,18,19,10,9,3,5,12,Excellent performance. Needs to focus on seminar delivery.
4CB21CB521,16,17,16,8,7,3,5,11,Needs improvement in theory and seminar work.
4CB21CB522,18,19,18,9,9,3,5,12,Excellent performance. Needs to improve seminar presentation.
4CB21CB523,14,15,14,7,6,2,3,6,Needs improvement in lab and seminar.
4CB21CB524,19,18,19,10,9,3,5,12,Excellent performance overall. Needs to improve seminar delivery.
4CB21CB525,16,17,16,8,7,3,5,11,Needs improvement in theory and seminar work.
4CB21CB526,18,19,18,9,9,3,5,12,Excellent performance. Needs to focus on improving seminar presentation.
4CB21CB527,14,15,14,7,6,2,3,6,"Needs significant improvement in theory, lab, and seminar."
4CB21CB528,19,18,19,10,9,3,5,12,Excellent performance. Needs to improve seminar confidence.
4CB21CB529,16,17,16,8,7,3,5,11,Needs improvement in theory and seminar delivery.
4CB21CB530,18,19,18,9,9,3,5,12,Excellent performance overall. Needs to work on seminar presentation.
4CB21CB531,14,15,14,7,6,2,3,6,"Needs significant improvement in theory, lab, and seminar."
4CB21CB532,19,18,19,10,9,3,5,12,Excellent performance. Needs to focus on seminar delivery.
4CB21CB533,16,17,16,8,7,3,5,11,Needs improvement in lab and seminar work.
4CB21CB534,18,19,18,9,9,3,5,12,Excellent performance. Needs to improve seminar presentation.
4CB21CB535,14,15,14,7,6,2,3,6,Needs improvement in lab and seminar.
4CB21CB536,19,18,19,10,9,3,5,12,Excellent performance overall. Needs to improve seminar delivery.
4CB21CB537,16,17,16,8,7,3,5,11,Needs improvement in theory and seminar work.
4CB21CB538,18,19,18,9,9,3,5,12,Excellent performance. Needs to work on seminar clarity.
4CB21CB539,14,15,14,7,6,2,3,6,"Needs significant improvement in theory, lab, and seminar."
4CB21CB540,19,18,19,10,9,3,5,12,Excellent performance. Needs to focus on seminar delivery.
4CB21CB541,16,17,16,8,7,3,5,11,Needs improvement in theory and seminar work.
4CB21CB542,18,19,18,9,9,3,5,12,Excellent performance. Needs to improve seminar clarity.
4CB21CB543,14,15,14,7,6,2,3,6,"Needs significant improvement in theory, lab, and seminar."
4CB21CB544,19,18,19,10,9,3,5,12,Excellent performance. Focus on seminar delivery.
4CB21CB545,16,17,16,8,7,3,5,11,Needs improvement in lab and seminar work.
4CB21CB546,18,19,18,9,9,3,5,12,Excellent performance. Needs to work on seminar presentation.
4CB21CB547,14,15,14,7,6,2,3,6,Needs improvement in lab and seminar.
4CB21CB548,19,18,19,10,9,3,5,12,Excellent performance overall. Needs to improve seminar delivery.
4CB21CB549,16,17,16,8,7,3,5,11,Needs improvement in theory and seminar delivery.
4CB21CB550,18,19,18,9,9,3,5,12,Excellent performance. Needs to focus on seminar clarity.
4CB21CB551,14,15,14,7,6,2,3,6,"Needs significant improvement in theory, lab, and seminar."
4CB21CB552,19,18,19,10,9,3,5,12,Excellent performance. Needs to focus on seminar delivery.
4CB21CB553,16,17,16,8,7,3,5,11,Needs improvement in lab and seminar work.
4CB21CB554,18,19,18,9,9,3,5,12,Excellent performance. Needs to improve seminar presentation.
4CB21CB555,14,15,14,7,6,2,3,6,Needs improvement in lab and seminar.
4CB21CB556,19,18,19,10,9,3,5,12,Excellent performance overall. Needs to improve seminar delivery.
4CB21CB557,16,17,16,8,7,3,5,11,Needs improvement in theory and seminar delivery.
4CB21CB558,18,19,18,9,9,3,5,12,Excellent performance. Needs to focus on seminar clarity.
4CB21CB559,14,15,14,7,6,2,3,6,"Needs significant improvement in theory, lab, and seminar."
4CB21CB560,19,18,19,10,9,3,5,12,Excellent performance. Needs to focus on seminar delivery.
4CB21CB561,16,17,16,8,7,3,5,11,Needs improvement in lab and seminar work.
4CB21CB562,18,19,18,9,9,3,5,12,Excellent performance. Needs to improve seminar presentation.
4CB21CB563,14,15,14,7,6,2,3,6,Needs improvement in lab and seminar.
4CB21CB564,19,18,19,10,9,3,5,12,Excellent performance overall. Needs to improve seminar delivery.
4CB21CB565,16,17,16,8,7,3,5,11,Needs improvement in theory and seminar delivery.
4CB21CB566,18,19,18,9,9,3,5,12,Excellent performance. Needs to focus on seminar clarity.
4CB21CB567,14,15,14,7,6,2,3,6,"Needs significant improvement in theory, lab, and seminar."
4CB21CB568,19,18,19,10,9,3,5,12,Excellent performance. Needs to focus on seminar delivery.
4CB21CB569,16,17,16,8,7,3,5,11,Needs improvement in lab and seminar work.
4CB21CB570,18,19,18,9,9,3,5,12,Excellent performance. Needs to improve seminar presentation.
4CB21CB571,16,17,16,8,7,3,5,11,Needs improvement in lab and seminar delivery.
4CB21CB572,18,19,18,9,9,3,5,12,Excellent performance. Needs to focus on seminar delivery.
4CB21CB573,14,15,14,7,6,2,3,6,"Needs significant improvement in theory, lab, and seminar."
4CB21CB574,19,18,19,10,9,3,5,12,Excellent performance overall. Focus on seminar clarity.
4CB21CB575,16,17,16,8,7,3,5,11,Needs improvement in lab and seminar work.
4CB21CB576,18,19,18,9,9,3,5,12,Excellent performance. Focus on seminar presentation.
4CB21CB577,14,15,14,7,6,2,3,6,Needs improvement in lab and seminar delivery.
4CB21CB578,19,18,19,10,9,3,5,12,Excellent performance. Needs improvement in seminar delivery.
4CB21CB579,16,17,16,8,7,3,5,11,Needs improvement in theory and seminar.
4CB21CB580,18,19,18,9,9,3,5,12,Excellent performance. Needs to improve seminar clarity.
4CB21CB581,14,15,14,7,6,2,3,6,Needs improvement in lab and seminar work.
4CB21CB582,19,18,19,10,9,3,5,12,Excellent performance overall. Needs to improve seminar delivery.
4CB21CB583,16,17,16,8,7,3,5,11,Needs improvement in lab and seminar work.
4CB21CB584,18,19,18,9,9,3,5,12,Excellent performance. Needs to focus on seminar delivery.
4CB21CB585,14,15,14,7,6,2,3,6,"Needs significant improvement in theory, lab, and seminar."
4CB21CB586,19,18,19,10,9,3,5,12,Excellent performance overall. Needs to work on seminar clarity.
4CB21CB587,16,17,16,8,7,3,5,11,Needs improvement in lab and seminar delivery.
4CB21CB588,18,19,18,9,9,3,5,12,Excellent performance. Focus on seminar presentation.
4CB21CB589,14,15,14,7,6,2,3,6,Needs improvement in lab and seminar delivery.
4CB21CB590,19,18,19,10,9,3,5,12,Excellent performance overall. Needs to improve seminar delivery.
4CB21CB591,16,17,16,8,7,3,5,11,Needs improvement in theory and seminar work.
4CB21CB592,18,19,18,9,9,3,5,12,Excellent performance. Focus on seminar delivery.
4CB21CB593,14,15,14,7,6,2,3,6,"Needs significant improvement in theory, lab, and seminar."
4CB21CB594,19,18,19,10,9,3,5,12,Excellent performance overall. Needs to work on seminar clarity.
4CB21CB595,16,17,16,8,7,3,5,11,Needs improvement in lab and seminar work.
4CB21CB596,18,19,18,9,9,3,5,12,Excellent performance. Needs to improve seminar presentation.
4CB21CB597,14,15,14,7,6,2,3,6,Needs improvement in lab and seminar delivery.
4CB21CB598,19,18,19,10,9,3,5,12,Excellent performance. Needs to work on seminar clarity.
4CB21CB599,16,17,16,8,7,3,5,11,Needs improvement in theory and seminar work.
4CB21CB600,18,19,18,9,9,3,5,12,Excellent performance. Needs to focus on seminar delivery.
4CB21CB601,14,15,14,7,6,2,3,6,"Needs improvement in theory, lab, and seminar."
4CB21CB602,19,18,19,10,9,3,5,12,Excellent performance. Needs to improve seminar delivery.
4CB21CB603,16,17,16,8,7,3,5,11,Needs improvement in lab and seminar.
4CB21CB604,18,19,18,9,9,3,5,12,Excellent performance overall. Needs to improve seminar delivery.
4CB21CB605,14,15,14,7,6,2,3,6,"Needs significant improvement in theory, lab, and seminar."
4CB21CB606,19,18,19,10,9,3,5,12,Excellent performance. Needs to work on seminar clarity.
4CB21CB607,16,17,16,8,7,3,5,11,Needs improvement in lab and seminar work.
4CB21CB608,18,19,18,9,9,3,5,12,Excellent performance overall. Needs to focus on seminar delivery.
4CB21CB609,14,15,14,7,6,2,3,6,Needs improvement in theory and seminar delivery.
4CB21CB610,19,18,19,10,9,3,5,12,Excellent performance. Focus on improving seminar presentation.
4CB21CB611,16,17,16,8,7,3,5,11,Needs improvement in lab and seminar work.
4CB21CB612,18,19,18,9,9,3,5,12,Excellent performance. Needs to focus on seminar delivery.
4CB21CB613,14,15,14,7,6,2,3,6,"Needs significant improvement in theory, lab, and seminar."
4CB21CB614,19,18,19,10,9,3,5,12,Excellent performance. Needs improvement in seminar delivery.
4CB21CB615,16,17,16,8,7,3,5,11,"Needs improvement in theory, lab, and seminar."
4CB21CB616,18,19,18,9,9,3,5,12,Excellent performance. Needs to improve seminar delivery.
4CB21CB617,14,15,14,7,6,2,3,6,"Needs significant improvement in theory, lab, and seminar."
4CB21CB618,19,18,19,10,9,3,5,12,Excellent performance. Focus on seminar delivery.
4CB21CB619,16,17,16,8,7,3,5,11,Needs improvement in theory and seminar.
4CB21CB620,18,19,18,9,9,3,5,12,Excellent performance. Needs to improve seminar delivery.
4CB21CB621,14,15,14,7,6,2,3,6,Needs improvement in theory and seminar work.
4CB21CB622,19,18,19,10,9,3,5,12,Excellent performance overall. Needs to work on seminar delivery.
4CB21CB623,16,17,16,8,7,3,5,11,Needs improvement in lab and seminar work.
4CB21CB624,18,19,18,9,9,3,5,12,Excellent performance. Needs to improve seminar presentation.
4CB21CB625,14,15,14,7,6,2,3,6,"Needs significant improvement in theory, lab, and seminar."
4CB21CB626,19,18,19,10,9,3,5,12,Excellent performance overall. Focus on improving seminar clarity.
4CB21CB627,16,17,16,8,7,3,5,11,Needs improvement in lab and seminar work.
4CB21CB628,18,19,18,9,9,3,5,12,Excellent performance overall. Needs to work on seminar clarity.
4CB21CB629,14,15,14,7,6,2,3,6,Needs improvement in theory and seminar delivery.
4CB21CB630,19,18,19,10,9,3,5,12,Excellent performance. Needs improvement in seminar delivery.
4CB21CB631,16,17,16,8,7,3,5,11,Needs improvement in theory and lab. Focus on seminar clarity.
4CB21CB632,19,18,19,10,9,3,5,12,Excellent performance. Needs improvement in seminar delivery.
4CB21CB633,14,15,14,7,6,2,3,6,Needs improvement in lab and seminar work.
4CB21CB634,16,17,16,8,7,3,5,11,"Needs improvement in theory, lab, and seminar."
4CB21CB635,18,19,18,9,9,3,5,12,Excellent performance. Focus on seminar delivery.
4CB21CB636,15,16,15,7,6,2,3,6,Needs significant improvement in theory and seminar.
4CB21CB637,19,18,19,10,9,3,5,12,Excellent performance. Focus on seminar clarity.
4CB21CB638,17,18,17,8,7,3,5,11,"Good overall performance, needs improvement in seminar presentation."
4CB21CB639,18,19,18,9,9,3,5,12,Excellent performance. Needs improvement in seminar delivery.
4CB21CB640,14,15,14,7,6,2,3,6,Needs improvement in lab and seminar delivery.
4CB21CB641,19,18,19,10,9,3,5,12,Excellent performance overall. Needs improvement in seminar delivery.
4CB21CB642,16,17,16,8,7,3,5,11,Needs improvement in theory and lab. Focus on seminar delivery.
4CB21CB643,18,19,18,9,9,3,5,12,Excellent performance. Needs to focus on seminar delivery.
4CB21CB644,15,16,14,7,6,2,3,6,Needs significant improvement in theory and seminar delivery.
4CB21CB645,19,18,19,10,9,3,5,12,Excellent performance. Needs to work on seminar delivery.
4CB21CB646,14,15,14,7,6,2,3,6,Needs improvement in lab and seminar work.
4CB21CB647,16,17,16,8,7,3,5,11,Needs improvement in seminar and theory work.
4CB21CB648,18,19,18,9,9,3,5,12,Excellent performance. Needs to improve seminar delivery.
4CB21CB649,15,16,14,7,6,2,3,6,Needs improvement in lab and seminar presentation.
4CB21CB650,18,19,18,9,9,3,5,12,Excellent performance. Focus on improving seminar clarity.
4CB21CB651,17,16,17,8,7,3,5,11,Good overall performance. Needs to work on seminar delivery.
4CB21CB652,16,17,16,8,7,3,5,11,"Needs improvement in theory, lab, and seminar delivery."
4CB21CB653,19,18,19,10,9,3,5,12,Excellent performance. Needs to improve seminar presentation.
4CB21CB654,14,15,14,7,6,2,3,6,Needs improvement in lab and seminar delivery.
4CB21CB655,18,19,18,9,9,3,5,12,Excellent performance. Needs to focus on seminar delivery.
4CB21CB656,17,16,17,8,7,3,5,11,Needs improvement in lab and seminar presentation.
4CB21CB657,14,15,14,7,6,2,3,6,"Needs significant improvement in theory, lab, and seminar."
4CB21CB658,19,18,19,10,9,3,5,12,Excellent performance. Focus on seminar delivery and clarity.
4CB21CB659,18,19,18,9,9,3,5,12,Excellent performance. Needs improvement in seminar presentation.
4CB21CB660,15,16,14,7,6,2,3,6,"Needs improvement in theory, lab, and seminar work."
4CB21CB661,17,16,17,8,7,3,5,11,Good overall performance. Needs improvement in seminar delivery.
4CB21CB662,19,18,19,10,9,3,5,12,Excellent performance. Needs improvement in seminar clarity.
4CB21CB663,15,16,14,7,6,2,3,6,Needs significant improvement in theory and seminar presentation.
4CB21CB664,18,19,18,9,9,3,5,12,Excellent performance. Needs to work on seminar delivery.
4CB21CB665,17,16,18,8,7,3,5,11,Good overall performance. Needs improvement in seminar presentation.
4CB21CB666,18,19,18,9,9,3,5,12,Excellent performance. Focus on seminar delivery.
4CB21CB667,14,15,14,7,6,2,3,6,Needs improvement in theory and lab.
4CB21CB668,19,18,19,10,9,3,5,12,Excellent performance. Needs to focus on seminar delivery.
4CB21CB669,15,16,14,7,6,2,3,6,"Needs improvement in theory, lab, and seminar work."
4CB21CB670,18,19,18,9,9,3,5,12,Excellent performance. Needs to improve seminar delivery.
4CB21CB671,16,17,16,8,7,3,5,11,Needs improvement in theory and lab. Focus on seminar presentation.
4CB21CB672,17,16,17,8,7,3,5,11,Needs improvement in seminar clarity.
4CB21CB673,16,17,16,8,7,3,5,11,Needs improvement in theory and seminar delivery.
4CB21CB674,19,18,19,10,9,3,5,12,Excellent performance. Focus on seminar clarity.
4CB21CB675,14,15,14,7,6,2,3,6,Needs improvement in lab and seminar.
4CB21CB676,18,19,18,9,9,3,5,12,Excellent performance. Focus on seminar delivery and presentation.
4CB21CB677,17,16,17,8,7,3,5,11,Needs improvement in seminar presentation.
4CB21CB678,19,18,19,10,9,3,5,12,Excellent performance. Needs to continue working on seminar delivery.
4CB21CB679,15,16,14,7,6,2,3,6,Needs significant improvement in theory and seminar presentation.
4CB21CB680,16,17,16,8,7,3,5,11,"Needs improvement in theory, lab, and seminar delivery."
4CB21CB681,18,19,18,9,9,3,5,12,Excellent performance. Focus on seminar delivery and lab consistency.
4CB21CB682,17,16,17,8,7,3,5,11,Good performance. Needs to improve in seminar delivery.
4CB21CB683,14,15,14,7,6,2,3,6,Needs improvement in lab and seminar.
4CB21CB684,19,18,19,10,9,3,5,12,Excellent performance. Needs to focus on seminar delivery.
4CB21CB685,18,19,18,9,9,3,5,12,Excellent performance. Focus on improving seminar presentation.
4CB21CB686,17,16,17,8,7,3,5,11,Needs improvement in theory and lab work.
4CB21CB687,16,17,16,8,7,3,5,11,Needs improvement in seminar presentation.
4CB21CB688,19,18,19,10,9,3,5,12,Excellent performance. Focus on seminar clarity.
4CB21CB689,18,19,18,9,9,3,5,12,Excellent performance overall. Needs improvement in seminar delivery.
4CB21CB690,15,16,14,7,6,2,3,6,Needs improvement in lab and seminar.
4CB21CB691,17,16,17,8,7,3,5,11,Good overall performance. Needs improvement in seminar presentation.
4CB21CB692,18,19,18,9,9,3,5,12,Excellent performance. Focus on seminar delivery.
4CB21CB693,16,15,14,7,6,2,3,6,"Needs improvement in theory, lab, and seminar."
4CB21CB694,19,18,19,10,9,3,5,12,Excellent performance. Needs focus on seminar delivery.
4CB21CB695,17,16,17,8,7,3,5,11,Needs improvement in seminar delivery.
4CB21CB696,18,19,18,9,9,3,5,12,Excellent performance overall. Needs to focus on seminar clarity.
4CB21CB697,14,15,14,7,6,2,3,6,Needs improvement in theory and lab work.
4CB21CB698,19,18,19,10,9,3,5,12,Excellent performance. Focus on seminar delivery.
4CB21CB699,15,16,14,7,6,2,3,6,"Needs improvement in theory, lab, and seminar."
4CB21CB700,18,19,18,9,9,3,5,12,Excellent performance overall. Needs to improve seminar presentation.
4CB21CB701,16,17,16,8,7,3,5,11,Needs improvement in seminar delivery.
4CB21CB702,17,16,17,8,7,3,5,11,Needs improvement in seminar presentation.
4CB21CB703,16,17,16,8,7,3,5,11,Needs improvement in seminar and theory.
4CB21CB704,19,18,19,10,9,3,5,12,Excellent performance overall. Needs to focus on seminar delivery.
4CB21CB705,14,15,14,7,6,2,3,6,"Needs improvement in theory, lab, and seminar delivery."
4CB21CB706,18,19,18,9,9,3,5,12,Excellent performance. Needs to focus on seminar delivery.
4CB21CB707,17,16,17,8,7,3,5,11,Good overall performance. Needs improvement in seminar presentation.
4CB21CB708,19,18,19,10,9,3,5,12,Excellent performance. Focus on seminar clarity.
4CB21CB709,15,16,14,7,6,2,3,6,Needs significant improvement in theory and seminar.
4CB21CB710,18,19,18,9,9,3,5,12,Excellent performance. Needs to work on seminar delivery.
4CB21CB711,16,17,16,8,7,3,5,11,Needs improvement in seminar clarity and theory.
4CB21CB712,19,18,19,10,9,3,5,12,Excellent performance. Needs improvement in seminar delivery.
4CB21CB713,15,16,14,7,6,2,3,6,Needs improvement in lab and seminar work.
4CB21CB714,18,19,18,9,9,3,5,12,Excellent performance. Needs to improve seminar presentation.
4CB21CB715,17,16,17,8,7,3,5,11,Needs improvement in seminar presentation.
4CB21CB716,16,17,16,8,7,3,5,11,Needs improvement in theory and seminar delivery.
4CB21CB717,19,18,19,10,9,3,5,12,Excellent performance overall. Needs to focus on seminar clarity.
4CB21CB718,14,15,14,7,6,2,3,6,Needs significant improvement in theory and lab.
4CB21CB719,18,19,18,9,9,3,5,12,Excellent performance overall. Needs to improve seminar delivery.
4CB21CB720,16,17,16,8,7,3,5,11,Needs improvement in theory and seminar presentation.
4CB21CB721,17,16,18,8,7,3,5,11,Needs improvement in seminar delivery and theory.
4CB21CB722,18,19,18,9,9,3,5,12,"Excellent performance, seminar delivery can be improved."
4CB21CB723,16,15,14,7,6,2,3,6,Needs improvement in theory and lab work.
4CB21CB724,19,18,19,10,9,3,5,12,"Excellent performance overall, seminar delivery needs work."
4CB21CB725,17,16,17,8,7,3,5,11,Needs to improve in seminar delivery and clarity.
4CB21CB726,18,19,18,9,9,3,5,12,Excellent performance. Focus on seminar confidence.
4CB21CB727,14,15,14,7,6,2,3,6,Needs improvement in lab and seminar delivery.
4CB21CB728,19,18,19,10,9,3,5,12,"Excellent performance, focus on seminar delivery."
4CB21CB729,15,16,14,7,6,2,3,6,"Needs improvement in theory, lab, and seminar."
4CB21CB730,18,19,18,9,9,3,5,12,Excellent performance overall. Needs to focus on seminar delivery.
4CB21CB731,16,17,16,8,7,3,5,11,Needs improvement in seminar presentation.
4CB21CB732,17,16,17,8,7,3,5,11,Needs improvement in seminar delivery and lab work.
4CB21CB733,16,17,16,8,7,3,5,11,Needs improvement in theory and seminar.
4CB21CB734,19,18,19,10,9,3,5,12,Excellent performance. Focus on seminar delivery and clarity.
4CB21CB735,14,15,14,7,6,2,3,6,Needs improvement in theory and seminar delivery.
4CB21CB736,18,19,18,9,9,3,5,12,Excellent performance overall. Needs to improve seminar presentation.
4CB21CB737,17,16,17,8,7,3,5,11,Needs improvement in seminar presentation.
4CB21CB738,19,18,19,10,9,3,5,12,Excellent performance overall. Focus on seminar clarity.
4CB21CB739,15,16,14,7,6,2,3,6,Needs improvement in lab work and seminar delivery.
4CB21CB740,18,19,18,9,9,3,5,12,Excellent performance overall. Needs to focus on seminar delivery.
4CB21CB741,14,11,12,7,8,2,3,11,Needs improvement in theory.
4CB21CB742,14,12,16,7,7,3,5,9,Needs improvement in theory.
4CB21CB743,13,20,19,8,8,2,4,11,"Good presentation skills, improve theory."
4CB21CB744,14,20,15,7,8,2,5,12,"Good presentation skills, improve theory."
4CB21CB745,19,20,14,7,8,3,3,10,"Balanced performance, focus on weak areas."
4CB21CB746,18,13,12,7,9,3,5,11,Needs improvement in theory.
4CB21CB747,11,17,14,10,8,2,3,11,Needs improvement in theory.
4CB21CB748,12,11,16,8,8,3,4,12,Needs improvement in theory.
4CB21CB749,12,14,16,9,8,3,4,9,Needs improvement in theory.
4CB21CB750,17,13,15,8,10,2,3,12,"Good presentation skills, improve theory."
4CB21CB751,12,13,15,10,7,2,3,9,Needs improvement in theory.
4CB21CB752,13,13,14,6,8,2,3,10,Needs improvement in theory.
4CB21CB753,20,12,16,7,7,3,4,12,"Good presentation skills, improve theory."
4CB21CB754,16,17,20,8,9,3,5,11,"Good presentation skills, improve theory."
4CB21CB755,14,16,12,6,8,3,5,11,Needs improvement in theory.
4CB21CB756,14,15,19,10,10,2,4,10,"Excellent in labs and assignments, keep it up."
4CB21CB757,13,17,19,6,8,2,4,10,"Balanced performance, focus on weak areas."
4CB21CB758,19,17,11,9,10,2,4,9,"Excellent in labs and assignments, keep it up."
4CB21CB759,17,11,11,7,10,3,5,11,Needs improvement in theory.
4CB21CB760,12,13,15,6,10,2,5,10,Needs improvement in theory.
4CB21CB761,12,11,16,8,7,2,3,12,Needs improvement in theory.
4CB21CB762,18,14,11,7,10,2,3,12,Needs improvement in theory.
4CB21CB763,20,14,10,8,8,3,3,11,Needs improvement in theory.
4CB21CB764,14,19,12,9,10,2,4,9,"Excellent in labs and assignments, keep it up."
4CB21CB765,16,16,18,8,10,2,4,10,"Balanced performance, focus on weak areas."
4CB21CB766,20,11,11,6,8,3,5,12,Needs improvement in theory.
4CB21CB767,11,20,19,7,7,3,5,12,"Good presentation skills, improve theory."
4CB21CB768,19,13,16,7,7,2,5,10,"Balanced performance, focus on weak areas."
4CB21CB769,19,13,20,8,9,2,4,11,"Good presentation skills, improve theory."
4CB21CB770,20,15,12,8,9,3,4,11,"Good presentation skills, improve theory."
4CB21CB771,14,10,10,10,8,3,4,9,Needs improvement in theory.
4CB21CB772,15,14,19,7,7,3,3,11,"Good presentation skills, improve theory."
4CB21CB773,15,14,16,9,7,3,3,9,"Balanced performance, focus on weak areas."
4CB21CB774,19,10,18,8,8,3,3,9,"Balanced performance, focus on weak areas."
4CB21CB775,20,16,19,10,7,2,4,10,"Balanced performance, focus on weak areas."
4CB21CB776,19,14,11,10,8,2,3,9,Needs improvement in theory.
4CB21CB777,11,16,10,8,8,2,4,12,Needs improvement in theory.
4CB21CB778,16,15,19,10,10,2,5,12,"Excellent in labs and assignments, keep it up."
4CB21CB779,20,17,16,9,8,2,5,9,"Balanced performance, focus on weak areas."
4CB21CB780,14,13,19,6,8,3,5,11,"Good presentation skills, improve theory."
4CB21CB781,13,14,15,9,9,3,4,11,"Excellent in labs and assignments, keep it up."
4CB21CB782,11,11,20,6,10,2,5,9,Needs improvement in theory.
4CB21CB783,13,16,14,7,8,3,4,11,Needs improvement in theory.
4CB21CB784,13,12,19,8,10,2,3,10,Needs improvement in theory.
4CB21CB785,18,16,11,10,10,3,4,11,"Excellent in labs and assignments, keep it up."
4CB21CB786,19,10,19,6,7,2,3,10,"Balanced performance, focus on weak areas."
4CB21CB787,13,14,10,10,10,2,5,9,"Excellent in labs and assignments, keep it up."
4CB21CB788,12,14,18,8,9,2,5,9,Needs improvement in theory.
4CB21CB789,11,13,10,8,10,3,4,9,Needs improvement in theory.
4CB21CB790,17,19,19,6,10,3,4,9,"Balanced performance, focus on weak areas."
4CB21CB791,16,18,11,10,7,3,4,12,"Good presentation skills, improve theory."
4CB21CB792,15,16,16,8,10,3,3,9,"Balanced performance, focus on weak areas."
4CB21CB793,12,14,19,8,9,3,4,10,"Balanced performance, focus on weak areas."
4CB21CB794,12,18,17,9,9,2,5,10,"Excellent in labs and assignments, keep it up."
4CB21CB795,10,15,16,7,10,3,4,11,Needs improvement in theory.
4CB21CB796,16,12,17,9,10,3,3,11,"Excellent in labs and assignments, keep it up."
4CB21CB797,14,10,10,9,9,2,3,11,"Excellent in labs and assignments, keep it up."
4CB21CB798,18,12,13,8,7,3,5,10,Needs improvement in theory.
4CB21CB799,16,12,19,9,10,2,5,10,"Excellent in labs and assignments, keep it up."
4CB21CB800,18,16,16,8,8,3,3,10,"Balanced performance, focus on weak areas."
4CB21CB801,16,12,13,8,8,2,5,11,Needs improvement in theory.
4CB21CB802,10,14,19,7,9,3,5,10,Needs improvement in theory.
4CB21CB803,15,10,20,6,9,2,3,11,"Good presentation skills, improve theory."
4CB21CB804,20,13,13,8,9,3,5,10,"Balanced performance, focus on weak areas."
4CB21CB805,10,11,11,9,10,2,5,9,"Excellent in labs and assignments, keep it up."
4CB21CB806,15,13,11,7,10,3,3,12,Needs improvement in theory.
4CB21CB807,19,12,12,6,8,3,3,9,Needs improvement in theory.
4CB21CB808,13,14,11,9,8,2,4,9,Needs improvement in theory.
4CB21CB809,13,11,10,10,10,3,3,12,"Excellent in labs and assignments, keep it up."
4CB21CB810,10,17,16,10,9,3,5,12,"Excellent in labs and assignments, keep it up."
4CB21CB811,18,15,13,7,10,3,4,10,"Balanced performance, focus on weak areas."
4CB21CB812,13,18,13,10,7,2,4,10,Needs improvement in theory.
4CB21CB813,18,17,11,7,7,2,5,11,"Good presentation skills, improve theory."
4CB21CB814,12,19,12,9,9,2,3,9,"Excellent in labs and assignments, keep it up."
4CB21CB815,11,20,14,6,9,3,3,12,"Good presentation skills, improve theory."
4CB21CB816,17,10,14,7,7,2,4,9,Needs improvement in theory.
4CB21CB817,12,11,10,7,7,3,5,9,Needs improvement in theory.
4CB21CB818,17,18,12,9,7,2,3,10,"Balanced performance, focus on weak areas."
4CB21CB819,20,14,17,8,10,3,3,10,"Balanced performance, focus on weak areas."
4CB21CB820,10,20,17,10,8,2,5,9,"Balanced performance, focus on weak areas."
4CB21CB821,16,19,12,8,10,2,5,12,"Good presentation skills, improve theory."
4CB21CB822,19,11,19,7,10,2,5,11,"Good presentation skills, improve theory."
4CB21CB823,10,17,16,8,7,3,5,11,Needs improvement in theory.
4CB21CB824,19,10,19,7,10,3,4,10,"Balanced performance, focus on weak areas."
4CB21CB825,13,12,15,6,7,2,3,9,Needs improvement in theory.
4CB21CB826,12,15,10,6,9,2,3,9,Needs improvement in theory.
4CB21CB827,18,10,13,10,8,2,3,12,Needs improvement in theory.
4CB21CB828,19,17,15,7,7,2,3,11,"Good presentation skills, improve theory."
4CB21CB829,10,12,12,6,10,2,5,9,Needs improvement in theory.
4CB21CB830,11,12,17,10,10,2,4,11,"Excellent in labs and assignments, keep it up."
4CB21CB831,20,14,15,9,10,3,3,12,"Excellent in labs and assignments, keep it up."
4CB21CB832,19,13,18,8,10,2,4,12,"Good presentation skills, improve theory."
4CB21CB833,13,11,13,8,9,3,3,9,Needs improvement in theory.
4CB21CB834,12,16,10,7,7,3,3,11,Needs improvement in theory.
4CB21CB835,18,12,14,8,9,2,3,9,Needs improvement in theory.
4CB21CB836,15,19,12,7,7,2,5,10,"Balanced performance, focus on weak areas."
4CB21CB837,10,12,11,6,8,3,4,12,Needs improvement in theory.
4CB21CB838,14,17,20,9,7,2,5,12,"Good presentation skills, improve theory."
4CB21CB839,10,15,11,6,7,3,3,10,Needs improvement in theory.
4CB21CB840,13,18,20,8,7,3,5,9,"Balanced performance, focus on weak areas."
4CB21CB841,14,15,11,9,8,3,3,11,Needs improvement in theory.
4CB21CB842,10,17,12,10,9,2,4,9,"Excellent in labs and assignments, keep it up."
4CB21CB843,19,11,19,10,8,3,5,9,"Balanced performance, focus on weak areas."
4CB21CB844,11,20,14,6,9,2,5,10,"Balanced performance, focus on weak areas."
4CB21CB845,16,18,19,7,9,2,3,10,"Balanced performance, focus on weak areas."
4CB21CB846,17,20,11,10,8,3,3,10,"Balanced performance, focus on weak areas."
4CB21CB847,19,13,17,7,10,2,4,12,"Good presentation skills, improve theory."
4CB21CB848,12,13,12,9,9,3,3,9,"Excellent in labs and assignments, keep it up."
4CB21CB849,10,13,14,10,8,2,4,12,Needs improvement in theory.
4CB21CB850,11,14,11,9,10,2,4,11,"Excellent in labs and assignments, keep it up."
4CB21CB851,17,13,17,9,8,3,3,12,"Good presentation skills, improve theory."
4CB21CB852,11,20,14,10,10,2,3,9,"Excellent in labs and assignments, keep it up."
4CB21CB853,14,14,10,8,7,3,5,10,Needs improvement in theory.
4CB21CB854,19,10,20,9,7,3,3,12,"Good presentation skills, improve theory."
4CB21CB855,12,12,20,9,8,3,4,10,Needs improvement in theory.
4CB21CB856,16,10,15,9,10,3,3,11,"Excellent in labs and assignments, keep it up."
4CB21CB857,20,18,20,8,8,3,3,12,"Good presentation skills, improve theory."
4CB21CB858,19,16,15,7,8,3,3,12,"Good presentation skills, improve theory."
4CB21CB859,14,18,20,10,10,2,5,9,"Excellent in labs and assignments, keep it up."
4CB21CB860,10,19,12,8,8,3,4,12,Needs improvement in theory.
4CB21CB861,15,13,18,7,8,3,5,11,"Good presentation skills, improve theory."
4CB21CB862,11,11,11,6,9,2,4,12,Needs improvement in theory.
4CB21CB863,11,14,16,7,10,3,5,11,Needs improvement in theory.
4CB21CB864,10,17,15,8,9,3,5,12,Needs improvement in theory.
4CB21CB865,19,13,14,8,7,3,3,11,"Good presentation skills, improve theory."
4CB21CB866,20,17,12,8,7,3,4,9,"Balanced performance, focus on weak areas."
4CB21CB867,16,11,19,7,9,3,4,10,"Balanced performance, focus on weak areas."
4CB21CB868,14,18,20,10,9,3,5,11,"Excellent in labs and assignments, keep it up."
4CB21CB869,19,17,20,7,8,2,4,12,"Good presentation skills, improve theory."
4CB21CB870,19,20,11,10,7,3,4,9,"Balanced performance, focus on weak areas."
4CB21CB871,20,14,19,6,9,2,4,11,"Good presentation skills, improve theory."
4CB21CB872,11,11,13,10,8,3,3,10,Needs improvement in theory.
4CB21CB873,11,17,14,7,9,2,4,11,Needs improvement in theory.
4CB21CB874,17,13,10,7,7,2,3,12,Needs improvement in theory.
4CB21CB875,15,20,20,6,9,3,5,9,"Balanced performance, focus on weak areas."
4CB21CB876,10,15,20,8,9,3,3,11,"Good presentation skills, improve theory."
4CB21CB877,14,14,10,8,10,3,5,11,Needs improvement in theory.
4CB21CB878,11,15,11,6,7,2,5,12,Needs improvement in theory.
4CB21CB879,19,11,16,10,10,3,3,11,"Excellent in labs and assignments, keep it up."
4CB21CB880,17,10,14,7,8,2,4,9,Needs improvement in theory.
4CB21CB881,10,18,18,6,10,2,5,9,"Balanced performance, focus on weak areas."
4CB21CB882,12,17,10,10,7,3,4,12,Needs improvement in theory.
4CB21CB883,11,12,15,7,7,3,4,12,Needs improvement in theory.
4CB21CB884,14,20,10,7,8,3,5,11,Needs improvement in theory.
4CB21CB885,19,10,17,7,9,3,3,11,"Good presentation skills, improve theory."
4CB21CB886,11,10,17,8,10,3,4,9,Needs improvement in theory.
4CB21CB887,16,12,19,8,9,2,4,10,"Balanced performance, focus on weak areas."
4CB21CB888,18,19,17,6,8,2,4,10,"Balanced performance, focus on weak areas."
4CB21CB889,19,11,11,9,7,3,5,11,Needs improvement in theory.
4CB21CB890,11,18,13,8,10,2,5,12,Needs improvement in theory.
4CB21CB891,18,16,20,9,7,3,5,11,"Good presentation skills, improve theory."
4CB21CB892,18,10,12,7,10,2,3,11,Needs improvement in theory.
4CB21CB893,15,18,16,6,7,3,3,11,"Good presentation skills, improve theory."
4CB21CB894,13,10,20,10,9,2,3,9,"Excellent in labs and assignments, keep it up."
4CB21CB895,17,18,12,8,7,2,4,11,"Good presentation skills, improve theory."
4CB21CB896,10,19,18,6,7,2,3,11,"Good presentation skills, improve theory."
4CB21CB897,15,12,11,6,10,2,3,9,Needs improvement in theory.
4CB21CB898,10,10,13,8,10,2,3,10,Needs improvement in theory.
4CB21CB899,14,10,19,8,7,3,4,10,Needs improvement in theory.
4CB21CB900,18,18,13,9,8,2,3,12,"Good presentation skills, improve theory."
4CB21CB901,12,13,15,8,8,3,5,11,Needs improvement in theory.
4CB21CB902,16,20,11,6,10,3,4,10,"Balanced performance, focus on weak areas."
4CB21CB903,11,13,16,9,10,2,3,12,"Excellent in labs and assignments, keep it up."
4CB21CB904,19,12,11,8,10,3,4,11,Needs improvement in theory.
4CB21CB905,14,11,18,6,7,2,5,11,Needs improvement in theory.
4CB21CB906,15,12,12,7,7,3,5,10,Needs improvement in theory.
4CB21CB907,19,15,14,9,10,3,3,10,"Excellent in labs and assignments, keep it up."
4CB21CB908,19,13,17,10,10,2,4,12,"Excellent in labs and assignments, keep it up."
4CB21CB909,17,20,17,10,9,3,4,9,"Excellent in labs and assignments, keep it up."
4CB21CB910,10,16,13,7,9,3,3,12,Needs improvement in theory.
4CB21CB911,15,10,17,6,9,3,4,12,Needs improvement in theory.
4CB21CB912,14,13,18,6,9,3,4,11,"Good presentation skills, improve theory."
4CB21CB913,20,16,17,6,8,2,5,9,"Balanced performance, focus on weak areas."
4CB21CB914,11,13,11,8,10,3,5,9,Needs improvement in theory.
4CB21CB915,13,13,15,6,7,3,5,10,Needs improvement in theory.
4CB21CB916,16,14,13,9,10,3,5,10,"Excellent in labs and assignments, keep it up."
4CB21CB917,15,20,14,9,9,3,4,11,"Excellent in labs and assignments, keep it up."
4CB21CB918,11,18,20,9,8,2,3,10,"Balanced performance, focus on weak areas."
4CB21CB919,19,10,11,9,8,2,4,10,Needs improvement in theory.
4CB21CB920,17,16,18,8,10,2,5,12,"Good presentation skills, improve theory."
4CB21CB921,15,17,20,8,10,3,4,11,"Good presentation skills, improve theory."
4CB21CB922,16,16,12,8,8,3,3,12,Needs improvement in theory.
4CB21CB923,15,10,14,8,10,2,4,11,Needs improvement in theory.
4CB21CB924,16,16,10,7,9,3,4,11,Needs improvement in theory.
4CB21CB925,18,17,15,9,8,2,3,11,"Good presentation skills, improve theory."
4CB21CB926,10,19,16,9,8,3,3,11,"Good presentation skills, improve theory."
4CB21CB927,20,18,15,6,9,3,3,10,"Balanced performance, focus on weak areas."
4CB21CB928,13,16,16,8,8,2,3,12,"Good presentation skills, improve theory."
4CB21CB929,15,13,15,7,9,3,5,10,Needs improvement in theory.
4CB21CB930,20,12,12,9,7,2,3,9,Needs improvement in theory.
4CB21CB931,13,10,20,10,7,2,3,10,Needs improvement in theory.
4CB21CB932,17,10,10,8,10,3,5,10,Needs improvement in theory.
4CB21CB933,12,13,20,10,10,2,5,12,"Excellent in labs and assignments, keep it up."
4CB21CB934,13,10,17,9,9,2,4,12,"Excellent in labs and assignments, keep it up."
4CB21CB935,11,10,19,8,8,2,4,12,Needs improvement in theory.
4CB21CB936,15,10,11,8,8,3,4,11,Needs improvement in theory.
4CB21CB937,12,18,13,6,9,2,3,10,Needs improvement in theory.
4CB21CB938,17,20,19,8,7,2,3,12,"Good presentation skills, improve theory."
4CB21CB939,17,19,11,6,7,3,4,12,"Good presentation skills, improve theory."
4CB21CB940,20,16,12,7,9,3,3,10,"Balanced performance, focus on weak areas."
4CB21CB941,16,11,20,6,8,2,4,10,"Balanced performance, focus on weak areas."
4CB21CB942,13,15,11,9,10,2,4,11,"Excellent in labs and assignments, keep it up."
4CB21CB943,17,11,18,7,10,2,5,10,"Balanced performance, focus on weak areas."
4CB21CB944,20,16,10,7,8,3,4,9,"Balanced performance, focus on weak areas."
4CB21CB945,20,14,17,8,10,3,5,10,"Balanced performance, focus on weak areas."
4CB21CB946,18,10,16,7,9,3,3,11,Needs improvement in theory.
4CB21CB947,18,16,15,8,7,3,4,11,"Good presentation skills, improve theory."
4CB21CB948,13,18,13,6,10,2,5,11,Needs improvement in theory.
4CB21CB949,10,18,16,6,10,2,5,10,Needs improvement in theory.
4CB21CB950,18,10,20,10,9,2,4,10,"Excellent in labs and assignments, keep it up."
4CB21CB951,17,11,17,8,7,3,5,11,"Good presentation skills, improve theory."
4CB21CB952,15,18,13,9,10,2,5,12,"Excellent in labs and assignments, keep it up."
4CB21CB953,10,11,11,6,9,3,3,9,Needs improvement in theory.
4CB21CB954,14,16,17,7,10,2,3,12,"Good presentation skills, improve theory."
4CB21CB955,16,12,20,8,10,3,4,9,"Balanced performance, focus on weak areas."
4CB21CB956,20,13,12,8,10,2,5,12,"Good presentation skills, improve theory."
4CB21CB957,14,10,18,9,10,2,5,11,"Excellent in labs and assignments, keep it up."
4CB21CB958,14,13,18,10,7,2,5,12,"Good presentation skills, improve theory."
4CB21CB959,10,13,11,8,7,2,4,12,Needs improvement in theory.
4CB21CB960,17,19,14,7,7,2,5,11,"Good presentation skills, improve theory."
4CB21CB961,14,12,18,8,8,3,3,9,Needs improvement in theory.
4CB21CB962,20,20,16,8,10,3,5,10,"Balanced performance, focus on weak areas."
4CB21CB963,10,15,18,6,10,3,5,9,Needs improvement in theory.
4CB21CB964,17,15,19,7,9,2,5,11,"Good presentation skills, improve theory."
4CB21CB965,12,16,16,9,8,3,4,9,Needs improvement in theory.
4CB21CB966,19,14,20,8,9,3,3,9,"Balanced performance, focus on weak areas."
4CB21CB967,19,13,12,9,10,3,4,11,"Excellent in labs and assignments, keep it up."
4CB21CB968,17,13,17,8,7,3,5,10,"Balanced performance, focus on weak areas."
4CB21CB969,19,14,14,6,9,3,5,12,"Good presentation skills, improve theory."
4CB21CB970,15,10,15,10,7,3,4,11,Needs improvement in theory.
4CB21CB971,17,15,14,6,7,3,5,10,"Balanced performance, focus on weak areas."
4CB21CB972,10,20,14,8,8,2,3,11,Needs improvement in theory.
4CB21CB973,17,17,17,9,10,3,5,10,"Excellent in labs and assignments, keep it up."
4CB21CB974,16,19,12,6,7,3,5,11,"Good presentation skills, improve theory."
4CB21CB975,13,15,19,8,7,3,4,12,"Good presentation skills, improve theory."
4CB21CB976,11,11,19,6,10,3,5,9,Needs improvement in theory.
4CB21CB977,15,14,17,8,10,3,4,12,"Good presentation skills, improve theory."
4CB21CB978,17,15,10,8,8,3,4,12,Needs improvement in theory.
4CB21CB979,14,18,18,6,9,3,3,9,"Balanced performance, focus on weak areas."
4CB21CB980,14,16,16,6,10,2,5,11,"Good presentation skills, improve theory."
4CB21CB981,17,19,13,9,9,3,5,11,"Excellent in labs and assignments, keep it up."
4CB21CB982,18,16,16,7,9,2,3,12,"Good presentation skills, improve theory."
4CB21CB983,11,20,19,10,8,3,5,9,"Balanced performance, focus on weak areas."
4CB21CB984,20,18,12,10,7,3,3,11,"Good presentation skills, improve theory."
4CB21CB985,10,15,16,9,10,3,3,9,"Excellent in labs and assignments, keep it up."
4CB21CB986,20,19,20,9,7,2,3,9,"Balanced performance, focus on weak areas."
4CB21CB987,14,17,16,8,7,2,5,10,"Balanced performance, focus on weak areas."
4CB21CB988,12,11,20,8,7,2,3,12,Needs improvement in theory.
4CB21CB989,12,12,13,8,8,2,5,9,Needs improvement in theory.
4CB21CB990,15,12,13,10,7,3,4,11,Needs improvement in theory.
4CB21CB991,12,11,20,6,10,3,4,12,Needs improvement in theory.
4CB21CB992,16,17,12,10,7,3,3,9,"Balanced performance, focus on weak areas."
4CB21CB993,11,19,14,9,10,3,4,11,"Excellent in labs and assignments, keep it up."
4CB21CB994,10,12,12,6,8,2,5,11,Needs improvement in theory.
4CB21CB995,12,20,15,6,10,2,3,12,"Good presentation skills, improve theory."
4CB21CB996,16,15,18,10,10,2,3,9,"Excellent in labs and assignments, keep it up."
4CB21CB997,15,10,20,9,8,2,3,9,"Balanced performance, focus on weak areas."
4CB21CB998,18,16,14,7,9,2,3,9,"Balanced performance, focus on weak areas."
4CB21CB999,13,15,20,8,8,3,5,9,"Balanced performance, focus on weak areas."
4CB21CB1000,13,16,18,6,8,3,5,9,"Balanced performance, focus on weak areas."
